name|date|email|address_1|city|state|zip|country|phone|fax|keywords|order_id
Shelley Wood|12/19/2007|16692|802-2249 Tristique Rd.|Belpre|NV|93475|Singapore|||Aenean eget metus. In nec orci. Donec nibh. Quisque nonummy ipsum non arcu. Vivamus sit amet risus.|1000
Jermaine Chan|12/11/2007|71157|6938 Amet, Rd.|Concord|RI|33754|Germany|||ac risus. Morbi metus. Vivamus|1001
Denton Kaufman|01/20/2007|70057|8962 Enim. St.|Corpus Christi|AZ|00772|Maldives|||dictum placerat, augue. Sed molestie. Sed id risus quis diam luctus lobortis. Class aptent taciti sociosqu ad|1002
Tatiana Abbott|03/13/2008|04436|P.O. Box 590, 6603 Donec Rd.|Columbus|CO|E3F 4I7|Finland|||Duis a mi fringilla mi lacinia mattis. Integer eu lacus.|1003
Aristotle Bradshaw|07/12/2007|06735|1798 Nec Road|Pembroke Pines|NM|T5Y 9P3|Ethiopia|||Duis cursus, diam at pretium aliquet, metus urna convallis erat, eget tincidunt dui augue eu tellus. Phasellus elit pede, malesuada|1004
Justine Byrd|04/02/2007|92430|P.O. Box 180, 1586 Neque. Road|Johnstown|NJ|50410|Samoa|||tellus. Suspendisse sed dolor. Fusce mi lorem, vehicula et, rutrum eu, ultrices sit amet, risus. Donec nibh enim, gravida sit amet, dapibus id, blandit|1005
Nyssa Taylor|12/05/2008|10186|Ap #915-4326 Penatibus St.|Victoria|WA|B1M 5P3|Dominican Republic|||eu tellus eu augue porttitor|1006
Nyssa Gould|04/04/2008|44392|432-9648 Auctor. St.|Washington|AZ|93483|Somalia|||a, auctor non, feugiat nec, diam. Duis mi enim, condimentum eget, volutpat ornare, facilisis eget, ipsum. Donec sollicitudin adipiscing ligula. Aenean gravida nunc sed|1007
Elmo Hatfield|08/29/2007|96601|Ap #862-7322 Sed Road|Minnetonka|AZ|32623|Montserrat|||enim, sit amet ornare lectus justo eu arcu. Morbi sit amet massa. Quisque porttitor eros nec tellus. Nunc lectus pede, ultrices|1008
Zachery Fox|03/13/2008|12116|Ap #177-1670 Aliquet Rd.|Morgantown|GA|U4T 4K6|Angola|||fermentum vel, mauris. Integer sem elit, pharetra ut, pharetra sed, hendrerit a, arcu. Sed et libero. Proin mi. Aliquam|1009
Marsden Wilkinson|11/28/2007|32762|Ap #290-9136 Orci. Av.|Calumet City|NM|75291|Dominica|||nec tempus scelerisque, lorem ipsum sodales purus, in molestie tortor nibh sit amet orci. Ut sagittis lobortis mauris. Suspendisse|1010
Zahir Bradshaw|05/31/2007|86166|9986 Interdum Rd.|Hawaiian Gardens|NV|J7R 3W3|Panama|||sollicitudin a, malesuada id, erat. Etiam vestibulum massa rutrum magna. Cras convallis convallis|1011
Dominic Pugh|03/25/2007|93968|Ap #672-8808 Neque Ave|Gulfport|IL|16378|Seychelles|||facilisis, magna tellus|1012
Jayme Graham|08/10/2008|47097|Ap #716-7177 Feugiat Ave|Houston|NE|H3B 6P6|Mongolia|||sed pede. Cum sociis natoque penatibus et magnis dis parturient montes, nascetur ridiculus mus. Proin vel arcu eu odio tristique|1013
Todd Livingston|07/31/2007|17671|417 Aliquam Street|Douglas|OR|40685|Guinea-bissau|||sagittis augue,|1014
Nerea Bond|10/06/2007|42700|Ap #355-6826 Non Avenue|East Rutherford|AK|I8H 6O6|Malaysia|||penatibus|1015
Cleo Terry|01/20/2007|25902|Ap #807-5942 A, Rd.|Norton|UT|E3N 3C7|Mexico|||erat semper rutrum. Fusce dolor quam, elementum at, egestas a, scelerisque sed, sapien. Nunc pulvinar arcu et pede. Nunc sed orci lobortis augue|1016
Burton Hooper|10/04/2008|66428|363-5587 Euismod Rd.|Rancho Cordova|IA|C7Y 9G2|Burkina Faso|||at arcu. Vestibulum ante ipsum primis in faucibus orci luctus et ultrices posuere|1017
Hanae Mccarthy|11/24/2007|49450|3833 Sem St.|Lander|NY|00583|Netherlands|||varius orci, in consequat|1018
Elizabeth Blair|01/05/2008|45250|Ap #554-8823 Purus Avenue|Beaver Falls|AK|27363|Benin|||a purus. Duis elementum, dui quis accumsan convallis, ante lectus convallis est, vitae sodales nisi magna sed|1019
Brent Curtis|07/02/2007|24848|688-7827 Vivamus Rd.|St. George|NC|23633|Nicaragua|||dapibus rutrum, justo. Praesent luctus. Curabitur egestas nunc|1020
Guinevere Norman|11/30/2007|27791|417-9689 Commodo St.|Tupelo|ID|O7E 4K9|Cocos (Keeling) Islands|||vehicula. Pellentesque tincidunt tempus risus. Donec egestas. Duis ac arcu. Nunc mauris. Morbi non sapien molestie orci|1021
Sloane Wooten|02/07/2007|65218|Ap #770-3147 Auctor Road|Santa Clara|NY|Z4F 3N5|Serbia and Montenegro|||convallis ligula. Donec luctus aliquet odio. Etiam|1022
Cheryl Nielsen|07/17/2008|73302|6276 Sociis Rd.|San Juan Capistrano|NM|G4M 1Z9|Germany|||libero nec ligula consectetuer rhoncus. Nullam velit dui, semper et, lacinia vitae, sodales at, velit. Pellentesque ultricies dignissim lacus. Aliquam rutrum lorem ac risus. Morbi|1023
Kaye Crane|04/23/2008|81918|Ap #618-1142 Phasellus Ave|Overland Park|TN|P1C 2Q2|Jordan|||aliquet odio. Etiam ligula tortor, dictum eu, placerat eget, venenatis a, magna. Lorem ipsum dolor sit amet, consectetuer adipiscing elit. Etiam laoreet, libero et tristique|1024
Jin William|09/30/2007|78903|237-216 Vitae Avenue|Greensboro|KY|98673|Virgin Islands, U.S.|||erat. Vivamus nisi. Mauris nulla. Integer urna. Vivamus molestie|1025
Audrey Livingston|09/09/2007|03901|2885 Dui. Avenue|Warren|WA|V1G 8L5|Nicaragua|||rutrum eu, ultrices sit amet, risus. Donec nibh enim, gravida sit|1026
Keane Bray|09/08/2007|28052|P.O. Box 563, 1125 Leo St.|East St. Louis|ND|O8E 5M2|Gambia|||Proin vel nisl. Quisque fringilla euismod enim. Etiam gravida molestie arcu. Sed eu nibh|1027
Chadwick Woods|08/27/2008|18463|P.O. Box 628, 4656 Nisi. Av.|Hot Springs|OR|26892|Brunei Darussalam|||non, egestas a, dui. Cras pellentesque. Sed dictum. Proin eget odio. Aliquam|1028
Felix Wade|09/06/2008|55211|P.O. Box 320, 5440 Vestibulum, St.|Sturgis|NH|76213|Seychelles|||augue eu tellus. Phasellus elit pede, malesuada vel, venenatis vel, faucibus id, libero. Donec consectetuer mauris id sapien. Cras dolor dolor,|1029
Jemima Pacheco|05/29/2008|57808|773-1979 Sem, Avenue|Mequon|UT|18294|Eritrea|||urna suscipit nonummy. Fusce fermentum fermentum arcu. Vestibulum ante ipsum primis in faucibus orci luctus et ultrices posuere cubilia|1030
Timon Ward|12/19/2008|32729|938-7347 Mi Avenue|Lake Charles|RI|E6P 7N2|India|||Nam interdum enim non nisi. Aenean eget metus. In nec orci. Donec nibh. Quisque nonummy ipsum|1031
Macey Mcleod|04/15/2008|58377|P.O. Box 112, 3599 Sapien St.|Ada|HI|D9Y 9W3|Bermuda|||nunc, ullamcorper eu, euismod ac, fermentum vel, mauris. Integer sem elit, pharetra ut,|1032
Savannah Acosta|04/07/2007|12628|Ap #613-5637 Ultrices Av.|McAllen|TX|80603|Bermuda|||massa. Quisque porttitor eros nec tellus.|1033
Amela Carver|08/22/2008|14263|Ap #393-3019 Enim Ave|Saukville|FL|90149|Timor-leste|||sem. Pellentesque ut|1034
Wang Pierce|10/22/2007|92815|Ap #346-5504 Amet Street|Hutchinson|NY|E9J 9D8|Namibia|||posuere, enim|1035
Ralph Lynch|03/09/2008|96676|2111 Aliquam Ave|Saukville|MI|E4Q 6Z2|Oman|||rhoncus. Proin nisl sem, consequat|1036
Amaya Cervantes|08/19/2008|39749|2166 Praesent St.|Olympia|NY|I7G 2D3|Denmark|||Etiam bibendum fermentum metus. Aenean sed pede nec ante|1037
TaShya Valencia|01/05/2008|61584|5699 Phasellus Avenue|Rancho Cucamonga|ID|G4M 9A3|Uzbekistan|||sed tortor. Integer aliquam adipiscing lacus. Ut nec urna|1038
Chelsea Jacobson|07/22/2008|15741|7595 Praesent Road|Wheeling|NM|59132|Northern Mariana Islands|||sodales purus, in molestie tortor nibh sit amet orci. Ut sagittis lobortis mauris. Suspendisse aliquet|1039
Amanda Boone|02/12/2008|30334|5491 Malesuada Rd.|Auburn Hills|NH|E4A 9J6|Benin|||In mi pede, nonummy ut, molestie in, tempus eu, ligula. Aenean euismod mauris eu elit. Nulla facilisi. Sed neque. Sed eget lacus. Mauris non dui|1040
Anjolie Burnett|02/21/2007|52717|P.O. Box 900, 6002 Mi St.|Lima|IA|E5C 7O2|United Arab Emirates|||justo eu arcu. Morbi sit amet massa. Quisque porttitor eros nec tellus. Nunc lectus pede, ultrices a, auctor non, feugiat nec, diam. Duis mi|1041
Simon Galloway|07/02/2007|99210|266-7772 Justo Rd.|Ardmore|AL|X6R 2O7|Guyana|||risus. Duis a|1042
Buffy Neal|05/22/2007|00639|2320 Nunc Street|Ketchikan|VT|E8W 2V8|Heard Island and Mcdonald Islands|||sed dictum eleifend, nunc risus varius orci, in consequat enim diam vel arcu. Curabitur ut odio vel est|1043
Ann Tyler|12/19/2008|07215|Ap #545-3953 Est. Ave|Auburn Hills|MA|I5V 2E9|Honduras|||tellus sem mollis dui, in sodales elit erat vitae risus. Duis a mi fringilla mi lacinia mattis. Integer eu lacus. Quisque imperdiet, erat nonummy ultricies|1044
Lillith Santana|09/17/2008|69500|7311 Bibendum. St.|Cypress|ME|06300|Pitcairn|||varius. Nam porttitor scelerisque neque. Nullam nisl. Maecenas malesuada fringilla est.|1045
Demetrius Drake|12/06/2008|64194|674-5818 Imperdiet Rd.|Salt Lake City|OR|V4Y 1V1|Antigua and Barbuda|||velit egestas lacinia. Sed congue, elit sed consequat auctor, nunc nulla vulputate dui, nec tempus mauris erat eget ipsum. Suspendisse sagittis.|1046
Hope Valenzuela|07/19/2007|81323|7836 Non Av.|Santa Monica|ID|M4Z 3D5|Lithuania|||pede ac urna. Ut tincidunt vehicula risus. Nulla eget metus eu erat semper rutrum. Fusce dolor quam, elementum at, egestas a, scelerisque sed, sapien. Nunc|1047
Jamal Atkinson|06/19/2007|85063|P.O. Box 629, 9495 Lorem Rd.|Half Moon Bay|WV|U4Z 1C3|Macedonia|||quis, tristique ac, eleifend vitae, erat. Vivamus nisi. Mauris nulla. Integer urna. Vivamus|1048
Rhoda Middleton|11/20/2008|93597|711-5146 Convallis Av.|Norwalk|DE|70166|Gibraltar|||ipsum. Suspendisse non leo. Vivamus nibh dolor, nonummy ac, feugiat non, lobortis|1049
Flynn Kelly|03/31/2007|07050|P.O. Box 205, 7610 Mauris St.|Azusa|UT|20382|Liberia|||Cras interdum. Nunc sollicitudin commodo ipsum. Suspendisse non leo. Vivamus nibh dolor, nonummy ac, feugiat non, lobortis|1050
Kibo Sampson|10/01/2007|61111|P.O. Box 271, 6285 In Rd.|Passaic|IN|35634|Western Sahara|||natoque penatibus et magnis dis parturient montes,|1051
Amaya Mullen|12/09/2007|52112|8536 Rhoncus. Avenue|Brownsville|WI|51727|Austria|||sapien. Cras dolor dolor, tempus non, lacinia at, iaculis quis, pede. Praesent eu dui. Cum sociis natoque|1052
Haviva Conway|08/14/2007|27620|Ap #806-5301 Ac Street|Shelton|WV|95305|Gibraltar|||metus sit amet ante. Vivamus non lorem vitae odio sagittis semper. Nam tempor diam dictum sapien.|1053
Isaac Hays|09/04/2008|32498|P.O. Box 654, 8087 Netus St.|Green River|NY|38118|Tanzania, United Republic of|||ac nulla. In tincidunt congue turpis. In condimentum. Donec at arcu. Vestibulum ante ipsum primis in faucibus orci|1054
Ivy Bennett|10/10/2007|79331|164-2458 Iaculis, Ave|Johnson City|WV|07443|Libyan Arab Jamahiriya|||Curabitur vel|1055
Guinevere Compton|02/23/2008|81059|Ap #561-9720 Et Rd.|Aspen|NY|08058|Burkina Faso|||Quisque libero lacus, varius|1056
Shad Lewis|10/25/2008|31038|Ap #625-6134 Neque Rd.|Cumberland|MO|16712|Mexico|||felis|1057
Ivory Bender|11/24/2008|82191|311-5706 Sapien. Rd.|Seattle|CO|U5Z 1B1|Singapore|||scelerisque dui. Suspendisse ac metus|1058
Kitra Harmon|06/01/2008|01335|6574 Sed Street|Durant|AL|49330|Gabon|||felis eget varius ultrices, mauris ipsum porta elit, a feugiat tellus lorem eu metus. In lorem. Donec|1059
Sophia Morrow|10/13/2007|89761|554-3265 Tempor, St.|Thousand Oaks|UT|D7A 4T6|Canada|||venenatis vel, faucibus id, libero. Donec consectetuer|1060
Kaden Lyons|02/28/2007|68246|Ap #657-9817 Metus. Road|Plattsburgh|CO|P5C 5K4|Netherlands Antilles|||felis orci, adipiscing non,|1061
Aaron Suarez|09/03/2007|11176|910-9347 Sociis Road|Clemson|RI|32454|Paraguay|||nec ante. Maecenas|1062
Rebecca Mcpherson|11/27/2007|32246|3993 Fusce Road|La Habra|NJ|A5A 9S8|Djibouti|||Aliquam adipiscing lobortis risus. In mi pede, nonummy ut, molestie in, tempus eu,|1063
Jorden Yang|12/11/2008|79688|P.O. Box 739, 6678 Sit Road|Nome|ME|22473|Mexico|||et risus. Quisque libero lacus, varius et, euismod et, commodo at, libero. Morbi accumsan laoreet ipsum. Curabitur consequat, lectus sit amet|1064
Lois Romero|12/28/2007|64016|507-8173 Proin St.|Catskill|IA|40213|Bulgaria|||est ac facilisis|1065
Imani Leonard|09/28/2008|37026|210-574 Arcu St.|Kalispell|OR|00323|Palau|||eleifend egestas. Sed pharetra, felis eget varius ultrices, mauris ipsum porta elit, a feugiat tellus lorem eu metus. In lorem.|1066
Mollie Andrews|09/11/2007|90106|P.O. Box 424, 6951 Ante. Rd.|Fitchburg|AZ|I5J 8G9|Guadeloupe|||Fusce diam nunc, ullamcorper eu, euismod ac, fermentum vel,|1067
Paki Lester|01/11/2009|24310|P.O. Box 531, 1583 Et St.|Shreveport|AK|44148|Luxembourg|||ultricies dignissim lacus. Aliquam rutrum lorem ac risus. Morbi metus. Vivamus euismod urna. Nullam lobortis quam a felis ullamcorper viverra. Maecenas|1068
Steel Mcdowell|10/16/2008|68997|P.O. Box 188, 7830 Dignissim Rd.|Clovis|FL|J6K 2Q1|Belize|||quis lectus.|1069
Eden Lee|06/29/2007|47376|884-3421 Ante Road|Derby|NV|R6M 8S7|Congo|||aliquam eros turpis non enim. Mauris quis turpis|1070
Hector Vincent|11/20/2007|34997|Ap #875-1274 Euismod Road|Denver|SC|68926|Costa Rica|||rhoncus. Proin nisl sem, consequat nec, mollis vitae, posuere at, velit. Cras lorem lorem, luctus ut, pellentesque eget, dictum placerat, augue. Sed|1071
Miriam Pennington|12/11/2007|94925|7993 Condimentum St.|Centennial|SC|11523|Georgia|||facilisis vitae, orci. Phasellus dapibus quam quis diam. Pellentesque habitant morbi tristique senectus et netus et malesuada fames ac|1072
Yoshio Mcleod|07/15/2007|91210|4492 Eu, Av.|Fairmont|OH|08789|Luxembourg|||id, libero. Donec consectetuer mauris id sapien. Cras dolor dolor,|1073
Mallory Koch|11/11/2008|18846|P.O. Box 921, 6722 Mi, Rd.|Livonia|CO|Z5L 3F1|Botswana|||ornare, lectus ante dictum mi, ac|1074
Selma Beard|10/30/2008|83459|8183 Nonummy Ave|Coatesville|MO|76327|Austria|||Sed congue, elit sed consequat auctor, nunc|1075
Lars Page|03/22/2008|07810|P.O. Box 667, 3301 Vitae Avenue|Manchester|DE|V2H 1R0|Palestinian Territory, Occupied|||a tortor. Nunc commodo auctor velit. Aliquam nisl. Nulla eu neque|1076
Abbot Morin|08/26/2007|40826|464-3577 Eu St.|Laguna Beach|DE|76099|Mauritius|||amet ante. Vivamus non lorem vitae odio sagittis semper. Nam tempor diam dictum sapien. Aenean massa. Integer vitae nibh. Donec|1077
Shay Rowe|09/17/2008|78415|P.O. Box 583, 7355 Amet Av.|Detroit|DC|P7U 1W1|Nicaragua|||feugiat. Sed nec metus facilisis lorem tristique aliquet. Phasellus fermentum convallis ligula. Donec luctus aliquet odio. Etiam|1078
Olga Mccullough|10/27/2008|72381|P.O. Box 674, 8520 Nulla Rd.|Murfreesboro|CO|64887|French Guiana|||purus, in molestie tortor nibh sit amet orci. Ut sagittis lobortis|1079
Blair Klein|04/11/2008|32100|Ap #237-9620 Proin Rd.|Morrison|IN|I7C 9W7|Malawi|||in, tempus eu, ligula. Aenean euismod mauris eu elit. Nulla facilisi. Sed neque. Sed|1080
Hannah Grant|09/08/2008|96747|P.O. Box 490, 8017 Ullamcorper, Av.|Ardmore|IA|43374|Montserrat|||at, velit.|1081
Mona Wells|04/05/2008|14466|Ap #597-8033 Proin St.|Beacon|KY|35638|Australia|||mauris. Morbi non sapien molestie|1082
Hu Kramer|05/02/2007|08101|324-5282 Adipiscing St.|Vernon|WA|59762|Sri Lanka|||neque venenatis lacus. Etiam bibendum fermentum metus. Aenean sed pede nec ante|1083
Graiden Calhoun|07/16/2008|01124|549-8374 Faucibus Ave|Monrovia|NY|98187|Malawi|||et, lacinia vitae, sodales at, velit. Pellentesque ultricies dignissim lacus. Aliquam rutrum lorem ac risus. Morbi metus. Vivamus euismod urna.|1084
Jelani Langley|02/05/2007|97344|915-7706 Dignissim Rd.|Perth Amboy|ME|W8G 5N8|Bahamas|||consequat auctor, nunc nulla vulputate dui, nec tempus mauris erat eget|1085
Claudia Elliott|08/26/2008|57082|9159 Ipsum Av.|Fredericksburg|ME|85659|Antarctica|||venenatis a, magna. Lorem ipsum dolor sit amet, consectetuer adipiscing elit. Etiam laoreet, libero et tristique pellentesque, tellus sem mollis dui, in sodales elit erat|1086
Taylor Dickerson|05/05/2007|24138|P.O. Box 478, 2580 Nulla Rd.|Cerritos|KS|14648|Egypt|||venenatis lacus. Etiam bibendum fermentum metus. Aenean sed pede nec|1087
Reese Bartlett|02/01/2007|27014|Ap #454-5498 Tellus, Road|Bangor|ID|38841|Ethiopia|||odio tristique pharetra. Quisque ac libero|1088
Nelle Schultz|05/26/2007|84021|624-3430 Facilisis. Street|Merced|CA|87589|United States|||tincidunt adipiscing. Mauris molestie pharetra nibh. Aliquam ornare, libero at auctor ullamcorper,|1089
Ramona Farmer|05/17/2008|79592|P.O. Box 779, 8868 Id Av.|Fresno|VA|23984|Cyprus|||eget, dictum placerat, augue. Sed molestie. Sed id risus quis diam luctus lobortis. Class aptent taciti sociosqu ad litora torquent per|1090
Vernon Garrett|05/11/2007|18251|9874 Scelerisque Av.|Jeffersonville|WA|73466|Guadeloupe|||lorem, luctus ut, pellentesque eget, dictum placerat, augue. Sed molestie.|1091
Malcolm Perez|03/07/2007|14132|Ap #582-2077 Augue Street|Suffolk|CT|93942|Cayman Islands|||hendrerit a, arcu.|1092
Keelie Lyons|04/07/2008|52994|Ap #101-8163 Nullam Ave|Abilene|IL|W7N 7W8|Norway|||semper auctor. Mauris vel turpis. Aliquam adipiscing lobortis risus. In mi pede, nonummy ut, molestie in, tempus eu, ligula. Aenean euismod mauris|1093
Lana Fox|02/04/2007|47442|885-9325 Gravida Avenue|Vincennes|MD|44566|Taiwan, Province of China|||molestie dapibus ligula. Aliquam erat volutpat. Nulla dignissim. Maecenas ornare egestas ligula. Nullam feugiat placerat|1094
Haviva Fox|11/17/2008|22914|2835 Enim. Road|Springdale|IA|20629|Bhutan|||In ornare sagittis felis. Donec tempor, est ac mattis semper, dui lectus rutrum urna, nec luctus felis purus ac tellus. Suspendisse|1095
Kaseem Dodson|07/18/2007|02897|P.O. Box 555, 5737 Eget, Street|Ashland|NY|09892|Hong Kong|||malesuada malesuada. Integer id magna et ipsum cursus vestibulum. Mauris magna. Duis dignissim tempor arcu. Vestibulum ut eros non|1096
Hoyt House|09/15/2008|73568|2829 Magna Av.|Raleigh|SC|01461|British Indian Ocean Territory|||arcu vel quam dignissim pharetra. Nam ac nulla. In tincidunt congue turpis. In condimentum. Donec at arcu. Vestibulum|1097
Clarke Newton|09/17/2008|51998|360-7436 Sed Road|Tempe|VA|74242|Eritrea|||dapibus ligula. Aliquam erat volutpat. Nulla dignissim. Maecenas ornare egestas ligula. Nullam feugiat|1098
Hannah Wiley|03/16/2007|05072|4418 Porttitor Road|Grass Valley|SC|16195|Armenia|||neque. In ornare sagittis felis. Donec tempor, est ac mattis semper, dui lectus|1099